term_in_corpus,freq,qid,label_de,description_de,technical_terms,lay_terms,aliases_de,source
schmerzen,3798,Q1196075,Mater Dolorosa,in Marienverehrung gebrauchte Bezeichnung für Darstellungen der Schmerzen Mariens,Schmerzensmutter,schmerzensreiche Mutter | Mater Dolorosa,schmerzensreiche Mutter | Schmerzensmutter,Wikidata
die schmerzen,1485,Q63301631,Die Schmerzen der Erinnerung,"Artikel von Theodore Dalrymple publiziert in der Zeitschrift Merkur (2008), Heft: 714, S. 1044-1047.",,Die Schmerzen der Erinnerung,,Wikidata
alt,1402,Q16148040,Alt,Familienname,Alt,,,Wikidata
patientin,1276,Q181600,Patient,"Person, die eine medizinische Behandlung in Anspruch nimmt",,,,Wikidata
patienten,1110,Q181600,Patient,"Person, die eine medizinische Behandlung in Anspruch nimmt",,,,Wikidata
beschwerden,1080,Q829680,Beschwerdenliste,,Beschwerdenliste,,,Wikidata
jahre alt,955,,,,,,,
medikamente,931,Q12140,Arzneimittel,"Stoff, der für Diagnose, Prävention oder Therapie von Krankheiten benutzt wird",Arzneimittel | Medikament | Medikamentation | Pharmazeutikum | Pharmazeutika | Therapeutikum | Therapeutika | Medikation | Pharmakotherapie | Medikamente,,Medikament | Medikamentation | Arznei | Pharmazeutikum | Pharmazeutika | Therapeutikum | Therapeutika | Medikation | Pharmakotherapie | Arzenei | Medikamente | Medizin,Wikidata
die patientin,716,Q31795235,Die Patientin,Gemälde von Ferdinand Hodler,,Die Patientin,,Wikidata
erkrankungen,584,Q787537,Liste der Krankheiten des Atmungssystems nach ICD-10,Wikimedia-Liste,Atemwegserkrankungen | Atemwegserkrankung,Erkrankungen des Atmungssystems | Liste der Krankheiten des Atmungssystems nach ICD-10 | Infektionen der Atemwege | ICD-10 Kapitel X: Krankheiten des Atmungssystems (J00-J99),Infektionen der Atemwege | Erkrankungen des Atmungssystems | Atemwegserkrankungen | Atemwegserkrankung | ICD-10 Kapitel X: Krankheiten des Atmungssystems (J00-J99),Wikidata
diagnose,568,Q16644043,Diagnose,"Identifizierung der Art und Ursache eines bestimmten Phänomens, die in vielen verschiedenen Disziplinen zur Bestimmung der Kausalität verwendet wird",Diagnose,,,Wikidata
blutdruck,534,Q82642,Blutdruck,Druck des Blutes in einem Blutgefäß,Blutdruck | Gefäßdruck,,SPAP | Gefäßdruck,Wikidata
untersuchung,475,Q21004260,Ermittlung,"Prozess, der darauf abzielt, das Wissen zu erweitern, Zweifel auszuräumen oder ein Problem zu lösen",Ermittlung | Untersuchung,,Untersuchung,Wikidata
den patienten,446,Q91173133,,im Januar 2019 veröffentlichter wissenschaftlicher Artikel,,,,Wikidata
diese schmerzen,407,,,,,,,
stuhlgang,405,Q204015,Stuhlgang,Ausscheidung von Kot,Stuhlgang | Stuhlentleerung | Darmentleerung | Defäkation,,Scheißen | Stuhlentleerung | Darmentleerung | Defäkation | Notdurft,Wikidata
operation,350,Q1914636,Tätigkeit,"Handeln, kann sowohl körperliche als auch geistige Verrichtungen umfassen",Tätigkeit | Betätigung | Aktivität | Operation,,Betätigung | Aktivität | Maßnahme | Operation,Wikidata
bauchschmerzen,343,Q33456602,"Bauchschmerzen, Blähbauch, Diarrhoe: Fruktosemalabsorption, Laktoseintoleranz oder Reizdarmsyndrom?",im 7. Dezember 2012 veröffentlichter wissenschaftlicher Artikel,,"Bauchschmerzen, Blähbauch, Diarrhoe: Fruktosemalabsorption, Laktoseintoleranz oder Reizdarmsyndrom?",,Wikidata
wie alt,336,Q114550624,Wie alt ist das Flaschenkind – Teil 2,Folge von Bezaubernde Jeannie,,Wie alt ist das Flaschenkind – Teil 2,,Wikidata
milligramm,333,Q3241121,Milligramm,Massenheinheit,Milligramm,,mg,Wikidata
untersuchungen,329,Q51379902,Untersuchungen über die erste Anlage des Wirbelthierleibes : die erste Entwickelung des Hühnchens im Ei,"Leipzig: F.C.W. Vogel, 1868.",,Untersuchungen über die erste Anlage des Wirbelthierleibes : die erste Entwickelung des Hühnchens im Ei,,Wikidata
vielleicht,309,Q30230067,möglich,"zu benutzen mit Qualifikator (etwa P1480), um kennzuzeichnen, dass die Behauptung unsicher ist",,unter Umständen,möglicherweise | vielleicht | eventuell | unter Umständen,Wikidata
ekg,278,Q79785,Elektrokardiogramm,Aufzeichnung der Summe der elektrischen Aktivitäten aller Herzmuskelfasern,Elektrokardiogramm | Kardiogramm | EKG | Elektrokardiographie | Elektrokardiograph,,Kardiogramm | EKG | Elektrokardiographie | Elektrokardiograph,Wikidata
kopfschmerzen,270,Q86,Kopfschmerz,Schmerzen oder Beschwerden im Bereich des Kopfes,Kopfschmerz | Kopfschmerzen,,Kopfschmerzen | Kopfweh,Wikidata
sind die schmerzen,269,,,,,,,
wasserlassen,269,Q105726,Miktion,Entleerung der Harnblase,Harnlassen | Reflexentleerung | Reflex-Entleerung | Wasserlassen | Harndrang | Urinieren | Harnentleerung | Blasenentleerung,,Pinkeln | Harnlassen | Reflexentleerung | Reflex-Entleerung | Wasserlassen | Harndrang | Urinieren | Harnentleerung | Seichen | Pullern | Harnen | Blasenentleerung | Pissen | Brunzen,Wikidata
schwester,256,Q186360,Gesundheits- und Krankenpfleger,Gesundheitsfachberuf,Krankenpflegerin | Pflegekraft | Krankenpfleger | Pflegefachkraft | Krankenschwester | Pflegerin | Schwester | Kinderkrankenpflegerin | Kinderkrankenpfleger,Gesundheits- und Krankenpfleger | Gesundheits- und Krankenpflegerin | Gesundheits- und Kinderkrankenpflegerin | Gesundheits- und Kinderkrankenpfleger,Krankenpflegerin | Pflegekraft | Krankenpfleger | Gesundheits- und Krankenpflegerin | Pflegefachkraft | Krankenschwester | Pflegerin | Pfleger | Schwester | Gesundheits- und Kinderkrankenpflegerin | Gesundheits- und Kinderkrankenpfleger | Kinderkrankenpflegerin | Kinderkrankenpfleger,Wikidata
der patientin,243,,,,,,,
krankenhaus,235,Q16917,Krankenhaus,medizinische Einrichtung,Krankenhaus,,Spital | Klinik | Klinikum,Wikidata
geschwister,233,Q31184,Bruder oder Schwester,Person mit mindestens einem gemeinsamen Elternteil,Geschwister | Geschwisterteil,Bruder oder Schwester | Schwester oder Bruder,Schwester oder Bruder | Geschwister | Geschwisterteil,Wikidata
schmerzen sind,230,,,,,,,
erkrankung,224,Q12136,Krankheit,"Störung der Funktion eines Organs, der Psyche oder des gesamten Organismus",Krankheit | Gesundheitsstörung | Erkrankung | Krankheitsverhalten | Gebrechen | Krankheitswert | Krankheitsbild | Wehleiden,,Gesundheitsstörung | Erkrankung | Krankheitsverhalten | Gebrechen | Krank | Krankheitswert | Krankheitsbild | Wehleiden,Wikidata
medikament,221,Q12140,Arzneimittel,"Stoff, der für Diagnose, Prävention oder Therapie von Krankheiten benutzt wird",Arzneimittel | Medikament | Medikamentation | Pharmazeutikum | Pharmazeutika | Therapeutikum | Therapeutika | Medikation | Pharmakotherapie | Medikamente,,Medikament | Medikamentation | Arznei | Pharmazeutikum | Pharmazeutika | Therapeutikum | Therapeutika | Medikation | Pharmakotherapie | Arzenei | Medikamente | Medizin,Wikidata
alt sind,220,Q1274297,,,,,,Wikidata
bluthochdruck,219,Q41861,arterielle Hypertonie,erhöhter Blutdruck im arteriellen System,arterielle Hypertonie | arterieller Hypertonus | Bluthochdruck | sekundäre Hypertonie | Hypertoniker,sekundärer Bluthochdruck,sekundärer Bluthochdruck | arterieller Hypertonus | Bluthochdruck | sekundäre Hypertonie | Hypertoniker,Wikidata
alt sind sie,218,,,,,,,
wie alt sind,217,,,,,,,
wie alt sind sie,217,,,,,,,
diese beschwerden,215,,,,,,,
vorerkrankungen,208,Q59576407,,im Juni 2018 veröffentlichter wissenschaftlicher Artikel,,,,Wikidata
medikamente ein,206,,,,,,,
ihre schmerzen,200,,,,,,,
die patienten,198,Q85465948,Die Patientenperspektive in der Behandlung von Neuroendokrinen Tumoren: Eine Analyse mittels Analytic Hierarchy Process,im 25. Juni 2015 veröffentlichter wissenschaftlicher Artikel,,Die Patientenperspektive in der Behandlung von Neuroendokrinen Tumoren: Eine Analyse mittels Analytic Hierarchy Process,,Wikidata
normalerweise,197,Q28962312,häufig,sollte zusammen mit dem Qualifikator P5102 (Art der Behauptung) verwendet werden,,für Gewöhnlich,oft | für Gewöhnlich | normalerweise | meistens | zumeist,Wikidata
durchfall,193,Q40878,Durchfall,Abgabe von zu flüssigem Stuhl,Durchfall,,Diarrhoe | Diarrhö | Diarrhöe,Wikidata
allergien,184,Q62115034,Allergien,Folge der Lindenstraße,Allergien,,,Wikidata
entschuldigung,183,Q552754,Entschuldigungsgrund,Begriff aus dem Strafrecht,Entschuldigungsgrund,,,Wikidata
herzinfarkt,181,Q12152,Herzinfarkt,akutes und lebensbedrohliches Ereignis infolge einer Erkrankung des Herzens,Herzinfarkt | Myocardinfarkt | Herzattacke | Herzanfall | Herzkasper | myokardialer Infarkt | Hinterwandinfarkt | Myokardinfarkt | Infarkt | Herzkasperl | Herzschlag,,Myocardinfarkt | Herzattacke | Herzanfall | Herzkasper | NSTEMI | myokardialer Infarkt | Hinterwandinfarkt | Myokardinfarkt | Infarkt | Herzkasperl | Herzschlag,Wikidata
tabletten,177,Q206077,Tablette,"einzeldosierte feste Arzneiformen, die unter Pressdruck aus Pulvern oder Granulaten auf Tablettenpressen gefertigt werden",Tabletten,,Tabletten,Wikidata
schmerzen auf,174,,,,,,,
belastung,171,Q35869,Asthma,"chronische, entzündliche Erkrankung der Atemwege",Bronchialasthma | Asthmaanfall | Belastungsasthma,Asthma bronchiale | Bronchiale Hyperreagibilität,Bronchiale Hyperreagibilität | Bronchialasthma | Asthmaanfall | Belastungsasthma | Asthma bronchiale,Wikidata
hohen blutdruck,170,,,,,,,
eigentlich,166,Q127960,Eigentliche Großkatzen,Gattung der Familie Katzen (Felidae),,Eigentliche Großkatzen | Eigentliche Grosskatzen,Panthera | Eigentliche Grosskatzen,Wikidata
chronische erkrankungen,161,Q88123310,Chronische Erkrankungen und impfpräventable Infektionserkrankungen bei Kindern und Jugendlichen in Deutschland,im 1. Juli 2014 veröffentlichter wissenschaftlicher Artikel,,Chronische Erkrankungen und impfpräventable Infektionserkrankungen bei Kindern und Jugendlichen in Deutschland,,Wikidata
natürlich,159,Q47521,natürliches Fließgewässer,natürliches Gewässer mit nicht stehendem Wasser,,natürliches Fließgewässer,,Wikidata
die schmerzen sind,158,,,,,,,
informationen,158,Q27711235,,wissenschaftliche Fachzeitschrift,,,,Wikidata
operationen,158,Q5275614,Operationen am Verdauungstrakt,,,gastrointestinale Chirurgie | Operationen am Verdauungstrakt,gastrointestinale Chirurgie,Wikidata
verdachtdiagnose,155,,,,,,,
augenblick,151,Q12302448,Augenblick,Musikalbum von Bruthal 6,Augenblick,,,Wikidata
herzrasen,149,Q209583,Tachykardie,Beschleunigter Herzschlag,Tachykardie | Herzrasen | Kammertachykardie | Tachykard,,Herzrasen | Kammertachykardie | Tachykard,Wikidata
ibuprofen,149,Q186969,Ibuprofen,"organische Verbindung, Arzneistoff",Ibuprofen,,,Wikidata
schmerzen im,149,Q114477261,Schmerzen im Maya-Dschungel,Folge von Naked Survival - Ausgezogen in die Wildnis,,Schmerzen im Maya-Dschungel,,Wikidata
alt und,147,Q114509043,Alt und allein,Folge von Alle unter einem Dach,,Alt und allein,,Wikidata
beim wasserlassen,147,,,,,,,
zigaretten,147,Q67433631,Zigaretten rauchen,rauchen von Zigaretten,,Zigaretten rauchen,,Wikidata
differenzialdiagnose,144,Q837512,Differentialdiagnose,,Differentialdiagnose | Differentialdiagnostik | Differenzialdiagnostik | Differenzialdiagnose,,Differentialdiagnostik | Differenzialdiagnostik | Differenzialdiagnose,Wikidata
ultraschall,144,Q216933,Echokardiografie,Ultraschall,Echokardiografie | Echocardiographie | Stressecho | Ultraschallkardiografie | Ultraschallkardiographie | Stressechokardiografie | Stressechokardiographie | Echokardiographie,Herzecho,Echocardiographie | Stressecho | Ultraschallkardiografie | Ultraschallkardiographie | Herzecho | Stressechokardiografie | USKG | Stressechokardiographie | Echokardiographie,Wikidata
jahre alt und,140,,,,,,,
ergebnisse,137,Q1350565,Ergebnisse der Wahlen zum Europäischen Parlament in Deutschland,Wikimedia-Liste,,Ergebnisse der Wahlen zum Europäischen Parlament in Deutschland,,Wikidata
die beschwerden,135,Q127140747,Die Beschwerden dieser Erden,,,Die Beschwerden dieser Erden,,Wikidata
die diagnose,135,Q1891932,Die Diagnose,Episode von Breaking Bad,Die Diagnose,Cancer Man,Cancer Man,Wikidata
im krankenhaus,135,Q50931309,Im Krankenhaus,Folge von Hallo Holly,,Im Krankenhaus,,Wikidata
schmerzmittel,135,Q173235,Analgetikum,Schmerzmittel,Analgetikum | Schmerztablette | Schmerztabletten | Analgetika | Analgesia | Schmerzmittel,,Schmerztablette | Schmerztabletten | Analgetika | Analgesia | Schmerzmittel,Wikidata
schwellung,135,Q133212,Tumor,jede Zunahme des Volumens eines Gewebes von höheren Lebewesen,Schwellung | Tumorzelle | Tumorerkrankung | Tumorkrankheit | Raumforderung | Geschwulst,Multizentrischer Tumor | Multifokaler Tumor,Multifokaler Tumor | Multizentrischer Tumor | Schwellung | Tumorzelle | Tumorerkrankung | Tumorkrankheit | Raumforderung | Geschwulst,Wikidata
patientin hat,133,Q90441052,,,,,,Wikidata
schmerzen in,133,Q85648694,Schmerzen in der frühen postoperativen Phase: VATS-Lobektomie vs. offene Lungenresektion – Ergebnisse einer prospektiv-randomisierten Studie,im 29. September 2014 veröffentlichter wissenschaftlicher Artikel,,Schmerzen in der frühen postoperativen Phase: VATS-Lobektomie vs. offene Lungenresektion – Ergebnisse einer prospektiv-randomisierten Studie,,Wikidata
obstifation,124,,,,,,,
schmerzen und,124,Q86846263,Schmerzen und Sehverschlechterung nach früherer Linsenimplantation,im 1. Mai 2016 veröffentlichter wissenschaftlicher Artikel,,Schmerzen und Sehverschlechterung nach früherer Linsenimplantation,,Wikidata
bewertete die obstifation,123,,,,,,,
die obstifation,123,,,,,,,
kolleginnen,123,Q110740715,Kolleginnen,deutsche Kriminalfilmreihe,Kolleginnen,,,Wikidata
obstifation sie,123,,,,,,,
sie bewertete die obstifation,123,,,,,,,
bewertete die obstifation sie,122,,,,,,,
die obstifation sie,122,,,,,,,
die obstifation sie bewertete,122,,,,,,,
obstifation sie bewertete,122,,,,,,,
obstifation sie bewertete die,122,,,,,,,
ausstrahlung,121,Q15054698,spezifische Ausstrahlung,Flächendichte der ausgehenden Strahlungsleistung,Ausstrahlungsstromdichte | Abstrahlungsstärke,spezifische Ausstrahlung,Ausstrahlungsstromdichte | Abstrahlungsstärke,Wikidata
eine schwester,121,Q55050359,eine Schwester,Opernfigur in der Oper A Streetcar Named Desire,,eine Schwester,,Wikidata
copd,120,Q199804,chronisch obstruktive Lungenerkrankung,Gruppe von Krankheiten der Lunge,Raucherkattarh | Raucherlunge | Raucherhusten,chronisch obstruktive Lungenerkrankung | chronisch obstruktive Lungenkrankheit | chronische obstruktive Lungenkrankheit | chronisch obstruktive Lungenkrankheiten,Raucherkattarh | Raucherlunge | Raucherhusten | COPD | chronisch obstruktive Lungenkrankheit | chronische obstruktive Lungenkrankheit | chronisch obstruktive Lungenkrankheiten,Wikidata
krankheiten,120,Q54943950,Krankheiten bei Zwillingen,"Erkrankungen, die ein oder beide Zwillinge betreffen, in jedem Alter",,Krankheiten bei Zwillingen,,Wikidata
die patientin hat,119,,,,,,,
kilogramm,119,Q11570,Kilogramm,SI-Basiseinheit der Masse,Kilogramm | Massekilogramm,,Massekilogramm | kg | ㎏ | Kilo,Wikidata
keine medikamente,118,,,,,,,
alt sind sie ich,117,,,,,,,
erbrechen,115,Q127076,Erbrechen,schwallartige Entleerung des Magen- oder Speiseröhreninhaltes,Erbrechen | Ausspeien | Vomitation | Brechreiz | Erbrochenes | Übergeben,Sich übergeben | Wieder von sich geben | Neptun opfern | Die Fische füttern,Ausspeien | Emetisch | Wieder von sich geben | Vomitation | Neptun opfern | Brechreiz | Erbrochenes | Vomitus | Speiben | Vomieren | Speien | Reiern | Die Fische füttern | Sich übergeben | Emesis | Übergeben,Wikidata
schmerzen auf einer,115,,,,,,,
schmerzen habe,113,,,,,,,
hypertonie,112,Q95566669,Hypertonie,Krankheit,Hypertonie | Hypertonus | Hypertension,,Hypertonus | Hypertension,Wikidata
rückenschmerzen,112,Q5781808,Rückenschmerzen,alle Schmerzen im Bereich des Rückens,Rückenschmerzen,,,Wikidata
dosierung,111,Q97380719,Dosierungsintervall,zeitlicher Abstand zwischen wiederholten Verabreichungen von Arzneimitteln,Dosierungsintervall,,,Wikidata
keine schmerzen,111,Q83480607,"Keine Schmerzen, großer Schaden",im 9. Februar 2012 veröffentlichter wissenschaftlicher Artikel,,"Keine Schmerzen, großer Schaden",,Wikidata
mrt,111,Q161238,Magnetresonanztomographie,"Verfahren zur Darstellung der Struktur von Organen im Körper, das auf Messungen mittels Kernspinresonanz beruht",Magnetresonanztomographie | Magnetresonanztomogramm | Magnetresonanz-Mikroskopie | Magnetresonanztomografie | Magnetresonanztomograf | Kernspintomograph | Magnetresonanz | Magnetresonanztomograph | Kernspinresonanztomografie | Kernspinresonanztomographie | Kernspintomografie | Kernspintomographie | MRT,Magnetic Resonance Imaging,Magnetresonanztomogramm | Magnetic Resonance Imaging | Magnetresonanz-Mikroskopie | Magnetresonanztomografie | Magnetresonanztomograf | Kernspintomograph | Magnetresonanz | Magnetresonanztomograph | Kernspinresonanztomografie | Kernspinresonanztomographie | Kernspintomografie | Kernspintomographie | MRT,Wikidata
oberbauch,110,Q942777,Epigastrium,Bauchregion zwischen Rippenbogen und Bauchnabel,Epigastrium | Oberbauch,,Oberbauch,Wikidata
sie geschwister,110,,,,,,,
unterschenkel,110,Q504536,Musculus quadriceps femoris,Muskel,Quadrizeps | Quadriceps | Unterschenkelstrecker,Quadriceps femoris | Musculus quadriceps femoris | M. quadriceps femoris,Quadriceps femoris | Quadrizeps | Quadriceps | M. quadriceps femoris | Unterschenkelstrecker,Wikidata
impfungen,109,Q58987675,,im September 2011 veröffentlichter wissenschaftlicher Artikel,,,,Wikidata
vitalparameter,109,Q1067560,Vitalzeichen,Wahrnehmbare und prüf- oder messbare Lebensfunktionen,Vitalzeichen | Vitaldaten | Lebenszeichen,,Vitaldaten | Lebenszeichen,Wikidata
familienanamnese,108,Q188952,Anamnese,Ergebnis einer Erhebung im Rahmen der ärztlichen oder rettungsdienstlichen Tätigkeit,Zwischenanamnese | Vorbericht | Fremdanamnese | Familienanamnese | Anamneseerhebung | Befundaufnahme | Eigenanamnese,Biopsychosoziale Anamnese,Zwischenanamnese | Vorbericht | Fremdanamnese | Familienanamnese | Anamneseerhebung | Befundaufnahme | Biopsychosoziale Anamnese | Eigenanamnese,Wikidata
im augenblick,108,Q1659307,Im Augenblick,Kollaboalbum der Rapper Albino und Callya,,Im Augenblick,,Wikidata
brustschmerzen,107,Q1907986,Mastodynie,Symptom von Beschwerden in der Brust,Mastodynie | Brustschmerzen | Brustspannen,empfindliche Brust,Brustschmerzen | empfindliche Brust | Brustspannen,Wikidata
dass die schmerzen,106,,,,,,,
deutschland,106,Q183,Deutschland,Staat in Mitteleuropa,Deutschland,Bundesrepublik Deutschland | BR Deutschland,Bundesrepublik Deutschland | BR Deutschland,Wikidata
haben sie geschwister,104,,,,,,,
krankheit,104,Q12136,Krankheit,"Störung der Funktion eines Organs, der Psyche oder des gesamten Organismus",Krankheit | Gesundheitsstörung | Erkrankung | Krankheitsverhalten | Gebrechen | Krankheitswert | Krankheitsbild | Wehleiden,,Gesundheitsstörung | Erkrankung | Krankheitsverhalten | Gebrechen | Krank | Krankheitswert | Krankheitsbild | Wehleiden,Wikidata
die schmerzen auf,103,,,,,,,
schmerzskala,103,Q1131635,Numerische Rating-Skala,"eindimensionale metrische Skala, mit deren Hilfe eine Intensität anhand einer Zahlenfolge beurteilt werden kann",Schmerzskala,Numerische Rating-Skala,Schmerzskala | NRS,Wikidata
geschichte,98,Q309,Geschichte,"vergangene Ereignisse und ihre Überlieferung, wie sie von der Geschichtswissenschaft und Geschichtsschreibung betrachtet werden",Geschichte,,Historie,Wikidata
schmerzen ja,98,,,,,,,
situation,98,Q2141565,Situation,"Lage oder Position, die Gebundenheit an Gegebenheiten oder Umstände",Situation | Situiertes,,Situiert | Situiertes | Situativ,Wikidata
diagnostik,96,Q97207314,Diagnostik,,Diagnostik,,,Wikidata
eine operation,95,Q58277358,,im Januar 1955 veröffentlichter wissenschaftlicher Artikel,,,,Wikidata
ihre beschwerden,95,,,,,,,
in deutschland,95,Q3086649,In Deutschland,Studioalbum von  Françoise Hardy,,In Deutschland | Françoise in Germany | Françoise Hardy In Deutschland,Françoise in Germany | Françoise Hardy In Deutschland,Wikidata
bei den patienten,94,,,,,,,
wochenende,93,Q211391,Wochenende,Ruhetage zwischen zwei Arbeitswochen; meist Samstag und Sonntag,Wochenende,,,Wikidata
aufnahmegespräch,92,,,,,,,
beschwerde,92,Q525603,Beschwerde,,Beschwerde,,,Wikidata
entzündung,91,Q101991,Entzündung,Anzeichen einer Aktivierung des Immunsystems,Entzündung | Entzündungsreaktion | Inflammation,,Entzündungsreaktion | Inflammation,Wikidata
flüssigkeit,91,Q11435,Flüssigkeit,Materie im flüssigen Aggregatzustand,Flüssigkeit,flüssiger Stoff | Physik der Flüssigkeiten,Physik der Flüssigkeiten | flüssig | flüssiger Stoff,Wikidata
starke schmerzen,91,Q85459908,Starke Schmerzen in der Fremde,im 18. Oktober 2012 veröffentlichter wissenschaftlicher Artikel,,Starke Schmerzen in der Fremde,,Wikidata
bei der patientin,89,,,,,,,
schmerzen die,88,,,,,,,
wahrscheinlich,88,Q56644435,wahrscheinlich,"die Behauptung ist unsicher, aber sehr wahrscheinlich (zu benutzen mit Qualifikator, etwa P1480)",,,,Wikidata
bei belastung,87,,,,,,,
ein medikament,86,,,,,,,
unterbauch,86,Q9597,Abdomen,vorderer Bereich des Rumpfes zwischen Brustkorb und Becken,Unterbauch,Bauch,Unterbauch | Bauch | Wanst,Wikidata
andere medikamente,85,,,,,,,
antibiotikum,84,Q12187,Antibiotikum,"Molekül, welches das Wachstum von Bakterien, Viren, Pilzen oder Protozoen verlangsamt oder verhindert",Antibiotikum | Antibiotika | Antibiotik | Breitbandantibiotikum | Breitbandantibiotika | Antibioticum | Antibiotica | Antibiotisch,,Antibiotika | Antibiotik | Breitbandantibiotikum | Breitbandantibiotika | Antibioticum | Antibiotica | Antibiotisch,Wikidata
nachtschweiß,82,Q474718,Nachtschweiß,vermehrtes unphysiologisches Schwitzen während des Schlafes,Nachtschweiß | Nachtschweiss,,Nachtschweiss,Wikidata
schmerzintensität,82,,,,,,,
kontrolle,81,Q338754,Kontrolle,"Überwachung oder Überprüfung einer Sache, Angelegenheit oder Person",Kontrolle,,kontrollieren,Wikidata
lindemann,81,Q1826030,Lindemann,Familienname,Lindemann,,,Wikidata
sie diese schmerzen,81,,,,,,,
drogenkonsum,80,Q7708739,Drogenkonsum,,Drogenkonsum,,,Wikidata
druckgefühl,80,,,,,,,
eine diagnose,80,Q54323854,"Eine Diagnose, die zu oft nicht gestellt wird",im 7. November 2013 veröffentlichter wissenschaftlicher Artikel,,"Eine Diagnose, die zu oft nicht gestellt wird",,Wikidata
blutdruck und,79,Q69494581,Blutdruck und Nierenfunktion bei nephrogener und essentieller Hypertonie,im 23. März 1973 veröffentlichter wissenschaftlicher Artikel,Blutdruck und Nierenfunktion bei nephrogener und essentieller Hypertonie,,,Wikidata
erbrochen,79,Q127076,Erbrechen,schwallartige Entleerung des Magen- oder Speiseröhreninhaltes,Erbrechen | Ausspeien | Vomitation | Brechreiz | Erbrochenes | Übergeben,Sich übergeben | Wieder von sich geben | Neptun opfern | Die Fische füttern,Ausspeien | Emetisch | Wieder von sich geben | Vomitation | Neptun opfern | Brechreiz | Erbrochenes | Vomitus | Speiben | Vomieren | Speien | Reiern | Die Fische füttern | Sich übergeben | Emesis | Übergeben,Wikidata
erkrankungen ja,79,,,,,,,
fachbegriffe,79,Q100724091,physikalischer Fachbegriff,"alle Wörter, Wortgruppen und Ausdrücke, die zur physikalischen Terminologie gehören",,physikalische Fachbegriffe | physikalischer Fachbegriff | physikalischer Begriff | physikalische Begriffe | Begriff aus der Physik | Begriffe aus der Physik | Begriff in der Physik | Begriffe in der Physik | physikalischer Terminus | physikalische Termini | Fachbegriff Physik | Fachbegriffe Physik | Begriff Physik | Begriffe Physik | Terminus Physik | Termini Physik,physikalische Fachbegriffe | physikalischer Begriff | physikalische Begriffe | Begriff aus der Physik | Begriffe aus der Physik | Begriff in der Physik | Begriffe in der Physik | physikalischer Terminus | physikalische Termini | Fachbegriff Physik | Fachbegriffe Physik | Begriff Physik | Begriffe Physik | Terminus Physik | Termini Physik,Wikidata
alt er,78,Q2220720,Staré Heřminovy,Gemeinde in Tschechien,,Alt Erbersdorf | Staré Heřminovy,Alt Erbersdorf,Wikidata
schmerzen haben,78,,,,,,,
alt die,77,Q94950715,Alt-Dietmanns,Ortschaft im Bezirk Waidhofen an der Thaya,Alt-Dietmanns,,,Wikidata
körperlichen untersuchung,77,,,,,,,
unverträglichkeiten,77,,,,,,,
herzklopfen,76,Q114482987,Herzklopfen,Folge von Golden Girls,Herzklopfen,,,Wikidata
hat die patientin,75,Q33456650,Hat die Patientin ein Reizdarmsyndrom?,im 15. November 2012 veröffentlichter wissenschaftlicher Artikel,,Hat die Patientin ein Reizdarmsyndrom?,,Wikidata
jahre alt die,75,,,,,,,
der untersuchung,74,Q55027470,Der Untersuchungsrichter,Opernfigur in der Oper Der Prozess,,Der Untersuchungsrichter,,Wikidata
am wochenende,73,Q17875767,Am Wochenende mehrere Einsätze für die Kaiserslauterer Feuerwehr,Artikel bei Wikinews,,Am Wochenende mehrere Einsätze für die Kaiserslauterer Feuerwehr,,Wikidata
das aufnahmegespräch,73,,,,,,,
er ist in gallenwägen,73,,,,,,,
gallenwägen,73,,,,,,,
in gallenwägen,73,,,,,,,
ist in gallenwägen,73,,,,,,,
behandlung,72,Q179661,Therapie,Maßnahmen zur Behandlung von Krankheiten und Verletzungen,Behandlung | Selbsttherapie | Therapeutisch | Therapieresistenz | Therapeutik | Therapieoption,Medizinische Behandlung,Behandlung | Selbsttherapie | Therapeutisch | Therapieresistenz | Therapeutik | Therapieoption | Medizinische Behandlung | bestehen,Wikidata
stark sind die schmerzen,72,,,,,,,
beschwerden haben,71,,,,,,,
der körperlichen untersuchung,71,,,,,,,
die schmerzen auf einer,71,,,,,,,
jahre alt er,71,,,,,,,
kinderkrankheiten,71,Q51928443,Kinderkrankheiten,Folge von Ich heirate eine Familie,Kinderkrankheiten,,,Wikidata
schmerzkala,71,,,,,,,
sie die schmerzen,71,,,,,,,
ansonsten,70,,,,,,,
der familienanamnese,70,,,,,,,
gallenwägen er,70,,,,,,,
gallenwägen er ist,70,,,,,,,
gallenwägen er ist in,70,,,,,,,
in gallenwägen er,70,,,,,,,
in gallenwägen er ist,70,,,,,,,
ist in gallenwägen er,70,,,,,,,
patientin ist,70,,,,,,,
schmerzen ich,70,,,,,,,
schneider,70,Q11703653,Schneider,Familienname,Schneider,,,Wikidata
sie schmerzen,70,,,,,,,
vorgeschichte,70,Q11756,Urgeschichte,"Ältester Zeitabschnitt der Geschichte ohne Schriftquellen, der von der Archäologie erforscht wird",Urgeschichte | Vorgeschichte | Prähistorie,,Vorgeschichte | Prähistorie,Wikidata
chemotherapie,69,Q974135,Chemotherapie,medikamentöse Therapie von Krebserkrankungen oder Infektionen,Chemotherapie,,Chemo,Wikidata
crp,69,Q74528362,Departamento de Relações Públicas Propaganda e Turismo da Universidade de São Paulo,,CRP,Departamento de Relações Públicas Propaganda e Turismo da Universidade de São Paulo,CRP,Wikidata
probleme beim wasserlassen,69,,,,,,,
sauerstoff,69,Q629,Sauerstoff,chemisches Element mit dem Symbol O und der Ordnungszahl 8,Sauerstoff,,,Wikidata
schwierigkeiten,69,Q51049532,Schwierigkeiten,Folge von Verliebt in eine Hexe,Schwierigkeiten,,,Wikidata
alt sie,68,Q432990,Alt-Siedlung Friedrich-Heinrich,Arbeitersiedlung in Kamp-Lintfort,,Alt-Siedlung Friedrich-Heinrich,,Wikidata
oberschenkel,68,Q129757,Oberschenkel,Teil des Beines beziehungsweise der Hintergliedmaße,Oberschenkel,,Femur,Wikidata
alt 1,67,Q127061823,,,,,,Wikidata
dem stuhlgang,67,,,,,,,
jahre alt 1,67,,,,,,,
medikamente nehmen,67,,,,,,,
alt ist,66,Q2391004,Talstation,untere Station einer Bergbahn,Talstation,,,Wikidata
auffälligkeiten,66,,,,,,,
des patienten,66,,,,,,,
mit den patienten,66,,,,,,,
nachnamen,66,Q66475447,Zusatz zum Familiennamen,"Wort, das dem Nachnamen einer Person vorangestellt oder angehängt ist",Nachnamenszusatz | Namensbestandteil,Zusatz zum Nachnamen | Zusatz zum Familiennamen,Zusatz zum Nachnamen | Nachnamenszusatz | Namensbestandteil,Wikidata
bronchitis,65,Q173022,Bronchitis,Entzündung der Bronchien,Bronchitis | Bronchitiden | Tracheobronchitis,,Bronchitiden | Tracheobronchitis,Wikidata
der schmerzen,65,Q5013634,Der Schmerzensmann,Gemälde vom Meister Francke im Museum der bildenden Künste in Leipzig,,Der Schmerzensmann,,Wikidata
information,65,Q11028,Information,von einem Absender an einen Empfänger über einen Informationskanal vermitteltes Wissen,Information,,,Wikidata
neue patientin,65,,,,,,,
unverträglichkeit,65,Q1517591,Unverträglichkeit,,Unverträglichkeit,,,Wikidata
alterszucker,64,,,,,,,
dankeschön,64,,,,,,,
mit dem stuhlgang,64,,,,,,,
penicillin,64,Q12190,Penicilline,Gruppe von antibiotisch wirksamen Substanzen,Penicilline | Penicillin | Penizillin | Penizilline,,Penicillin | Penizillin | Penizilline,Wikidata
ähnliche beschwerden,64,,,,,,,
andere beschwerden,63,,,,,,,
bei der körperlichen untersuchung,63,,,,,,,
die schmerzintensität,63,,,,,,,
eine neue patientin,63,,,,,,,
müdigkeit,63,Q9690,Fatigue,"medizinisches Symptom, das in der Regel mit körperlicher und/oder geistiger Schwäche einhergeht und sich durch Ruhe oder Schlaf nicht bessert",Erschöpfung | Müdigkeit | Fatigue-Syndrom,,Erschöpfung | Müdigkeit | Lähmung | Fatigue-Syndrom,Wikidata
schachtel,63,Q188075,Kasten,Behälter (meist quaderförmig) mit mindestens einem annähernd rechteckigen Querschnitt,Schachtel,,Kästen | Kiste | Kisten | Box | Boxen | Schachtel,Wikidata
verletzung,63,Q1064904,Verletzung,Schaden bzw. Funktionsstörung eines Lebewesens,Verletzung,,,Wikidata
antibiotika,62,Q12187,Antibiotikum,"Molekül, welches das Wachstum von Bakterien, Viren, Pilzen oder Protozoen verlangsamt oder verhindert",Antibiotikum | Antibiotika | Antibiotik | Breitbandantibiotikum | Breitbandantibiotika | Antibioticum | Antibiotica | Antibiotisch,,Antibiotika | Antibiotik | Breitbandantibiotikum | Breitbandantibiotika | Antibioticum | Antibiotica | Antibiotisch,Wikidata
keine beschwerden,62,,,,,,,
paracetamol,62,Q57055,Paracetamol,Analgetikum und Antipyretikum,Paracetamol,,,Wikidata
verfahren,62,Q2695280,Technik,Vorgehensweise zur Aufgabenerledigung,Verfahren,,Methode | Verfahren,Wikidata
allergien oder,60,,,,,,,
dem patienten,60,,,,,,,
schmerzen genau,60,,,,,,,
sind diese schmerzen,60,,,,,,,
ihnen das aufnahmegespräch,59,,,,,,,
körperliche untersuchung,59,Q835153,körperliche Untersuchung,Untersuchung eines Patienten mit eigenen Sinnen und einfachen Hilfsmitteln,Ganzkörperuntersuchung,körperliche Untersuchung | Klinische Untersuchung,Ganzkörperuntersuchung | Klinische Untersuchung | Ippaf,Wikidata
mit ihnen das aufnahmegespräch,59,,,,,,,
trombose,59,Q261327,Thrombose,Blutgerinnsel in einem Blutgefäß,Thrombose,,,Wikidata
viel milligramm,59,,,,,,,
wie viel milligramm,59,,,,,,,
arterielle,58,Q41861,arterielle Hypertonie,erhöhter Blutdruck im arteriellen System,arterielle Hypertonie | arterieller Hypertonus | Bluthochdruck | sekundäre Hypertonie | Hypertoniker,sekundärer Bluthochdruck,sekundärer Bluthochdruck | arterieller Hypertonus | Bluthochdruck | sekundäre Hypertonie | Hypertoniker,Wikidata
auf einer schmerzskala,58,,,,,,,
ausschlag,58,Q82794392,Ausschlag,Ort im Bezirk Neunkirchen,Ausschlag,,,Wikidata
einer schmerzskala,58,,,,,,,
notaufnahme,58,Q1295316,Notaufnahme,Anlaufstelle einer Klinik für akute Notfälle,Notaufnahme | Notfallambulanz | Rettungsstelle | Notfall-Ambulanz | Notfallaufnahme,Medizinische Aufnahmestation,Medizinische Aufnahmestation | Notfallambulanz | Rettungsstelle | Notfall-Ambulanz | Notfallaufnahme,Wikidata
sind die schmerzen auf,58,,,,,,,
zuckerkrankheit,58,Q12206,Diabetes mellitus,"Gruppe von Stoffwechselkrankheiten, Zuckerkrankheit",Zuckerkrankheit | Blutzuckerkrankheit | Zuckererkrankung,Diabetes mellitus,Zuckerkrankheit | Blutzuckerkrankheit | Zuckererkrankung,Wikidata
alkoholkonsum,57,Q2647488,Alkoholkonsum,Konsum der bewusstseinsverändernden Substanz Ethanol,Alkoholkonsum | Trunkenheit | Atemluftalkoholkonzentration,,Trunkenheit | Atemluftalkoholkonzentration,Wikidata
hauptsache,57,Q48756026,Hauptsache,,Hauptsache,,,Wikidata
schwindel,57,Q37260134,Schwindel,Familienname,Schwindel,,,Wikidata
sie den patienten,57,,,,,,,
sie probleme beim wasserlassen,57,,,,,,,
symptomatik,57,Q169872,Symptom,"Zeichen, das auf eine Erkrankung oder Verletzung hinweist",Symptomenkomplex | Residualsymptom | Symptomkomplex | Symptomatik | Prodromalsymptom | Prodromalsymptome | Symptomatisch | Symptomatologisch | Krankheitszeichen,Diskretes Symptom | Klinisches Bild,Symptomenkomplex | Residualsymptom | Symptomkomplex | Symptomatik | Prodromalsymptom | Prodromalsymptome | Symptomatisch | Symptomatologisch | Klinisches Bild | Krankheitszeichen | Diskretes Symptom,Wikidata
verstopfung,57,Q178436,Verstopfung,Störung der Darmaktivität,Verstopfung | Konstipation | Darmverstopfung | Obstipation,,Konstipation | Darmverstopfung | Obstipation,Wikidata
blutzucker,56,Q12206,Diabetes mellitus,"Gruppe von Stoffwechselkrankheiten, Zuckerkrankheit",Zuckerkrankheit | Blutzuckerkrankheit | Zuckererkrankung,Diabetes mellitus,Zuckerkrankheit | Blutzuckerkrankheit | Zuckererkrankung,Wikidata
ich schmerzen,56,,,,,,,
medikamenten,56,Q539795,Angioplastie,Verfahren,Angioplastie | Ballondilatation | Angioplastik | Ballonkatheter,Medikamenten-beschichteter Ballon | perkutane transluminale coronare Angioplastie | perkutane transluminale Angioplastie | Medikamenten-beschichteter Ballonkatheter | Medikament-freisetzender Ballonkatheter,perkutane transluminale coronare Angioplastie | Ballondilatation | PTCA | perkutane transluminale Angioplastie | PCTA | Angioplastik | Ballonkatheter | Medikamenten-beschichteter Ballon | Medikamenten-beschichteter Ballonkatheter | Medikament-freisetzender Ballonkatheter,Wikidata
schlaganfall,56,Q12202,Schlaganfall,plötzliche Durchblutungsstörung im Gehirn,Schlaganfall | Gehirnschlag | Schlagfluss,apoplektischer Insult | zerebraler Insult | Apoplexia cerebri | Ictus apoplecticus,Gehirnschlag | zerebraler Insult | apoplektischer Insult | Apoplexia cerebri | Ictus apoplecticus | Apoplex | Insult | Schlagfluss,Wikidata
schwellungen,56,,,,,,,
vorstellung,56,Q604733,Präsentation,Vortrag über ein Thema in begrenzter Zeit,Präsentation | Vorstellung | Präsentationen | Vorstellungen,,Vorstellung | Referat | Vortrag | Präsi | Präsentationen | Vorstellungen | Referate | Vorträge | Präsis,Wikidata
wasserlassen oder,56,,,,,,,
differenzialdiagnosen,55,Q52882070,Differenzialdiagnosen beim Nachweis von Hyphen im Gewebe,im 1. November 2013 veröffentlichter wissenschaftlicher Artikel,,Differenzialdiagnosen beim Nachweis von Hyphen im Gewebe,,Wikidata
beim stuhlgang,54,,,,,,,
den schmerzen,54,,,,,,,
kolleginnen noch,54,,,,,,,
lymphknoten,54,Q170758,Lymphknoten,knotenförmiges lymphatisches Organ,Lymphknoten | Lymphnodus | Lymphdrüse,Lymphoretikuläres System | Nodus lymphaticus,Lymphnodus | Nodulus | Lymphdrüse | Lymphoretikuläres System | Nodus lymphaticus,Wikidata
alt der,53,Q432896,Alt-Derken,Ortsteil von Wuppertal,Alt-Derken,,Derken,Wikidata
bildgeber,53,,,,,,,
der blutdruck,53,,,,,,,
die paragraph-region,53,,,,,,,
ein ekg,53,,,,,,,
haben sie schmerzen,53,,,,,,,
im oberbauch,53,,,,,,,
kollegen oder kolleginnen,53,,,,,,,
neuen patienten,53,,,,,,,
oder kolleginnen,53,,,,,,,
paragraph-region,53,,,,,,,
routinefrage,53,,,,,,,
auch die paragraph-region,52,,,,,,,
eine medikamente,52,,,,,,,
erkältung,52,Q12125,Erkältung,nicht genau definierte Infektionskrankheit,Erkältung | Halskatharrh | Halskatharr | Sommergrippe | Verkühlung | Verkältung | Erkältungskrankheit,grippaler Infekt,Halskatharrh | grippaler Infekt | Halskatharr | Sommergrippe | Verkühlung | Verkältung | Erkältungskrankheit,Wikidata
ernährung,52,Q2138622,Ernährung,Aufnahme von Nahrung zur Bestreitung der Lebensvorgänge,Ernährung,,,Wikidata
formulierung,52,Q1437823,Formulierung (Pharmazeutika),,,Formulierung (Pharmazeutika),,Wikidata
über auch die paragraph-region,52,,,,,,,
auch die paragraph-region er,51,,,,,,,
den blutdruck,51,,,,,,,
die paragraph-region er,51,,,,,,,
die paragraph-region er klagt,51,,,,,,,
ein bildgeber,51,,,,,,,
er leidet ein bildgeber,51,,,,,,,
kollegen oder kolleginnen noch,51,,,,,,,
leidet ein bildgeber,51,,,,,,,
oder kolleginnen noch,51,,,,,,,
paragraph-region er,51,,,,,,,
paragraph-region er klagt,51,,,,,,,
paragraph-region er klagt über,51,,,,,,,
patientin die,51,,,,,,,
solche schmerzen,51,,,,,,,
alt war,50,Q168835,Warta Bolesławiecka,Siedlung in Polen,,Alt Warthau | Warta Bolesławiecka,Alt Warthau,Wikidata
beschwerden haben sie,50,,,,,,,
körperliche untersuchungen,50,,,,,,,
patienten vorstellen,50,,,,,,,
schwester die,50,,,,,,,
